id;n_dossier;date_diagnostic;date_enregistrement;medecin;hopital;service;deg_consang;place_enfant;nb_vivant;nb_mort;mort_ne;avortement;cousin;membre;arbregenealogique;arbregenealogique_content_type;arbregenealogiquecancer;arbregenealogiquecancer_content_type;syndrome_anemique;syndrome_hem;syndrome_inf;decouverte_fort;enquete_fam;type_cancer;cancer;taille_naiss;poids_naiss;hypotrophie;trouble_croi;a_age_ch_diag;m_age_ch_diag;a_age_oss_diag;m_age_oss_diag;age_retard;poids;poids_ds;taille;taille_ds;atteinte_cut;tache_caf;ventre;membre_sup;membre_inf;visage;thorax;d_os;hyper_pig;hypochromique;couleur_peau;autre_at_cut;atteinte_tete;microcephalie;microphtalmie;facie_trig;traits_fin;autre_at_tete;empreintedigitiforme;mal_uro;u_iv;echo;rein_ectop;siege_ectopie;rein_fer_chev;petit_rein;rein_unique;ectop_test;verge_insuf;autre_anom_verge;retard_pubertaire;m_tanner;p_tanner;t_tanner;anom_urin;type_anom_urin;atteinte_oss;radiosfaites;anom_pouce;surnumerarie;agenesie_pouce;bifide;hypo_pouce;aspect_pouce;hypo_eminence;absence_radial;pouce_bas;autre_anom_pouce;anom_aut_doigts;courtstrapus;syndactylie;autre_anom_doigts;anomalieos;agenesie_radius;autreanomalie_membresup;anom_orteil;precise_anom_ort;l_ch;autreanomalie_membreinf;anom_rachis;precise_anom_rac;autre_anom_oss;anom_neuro;retard_ment;hypoacousie;strabisme;performance_scolaire;autreanomalieneurologique;anom_card_vas;echo_coeur;precise_anom_cardio;anom_dig;precise_anom_dig;endocrinopathie;diabete;insulino_dep;hypothyroidie;age_decouverte;autre_endocrinopathie;autre_anom_cong;date_num_sanguine;age;hb;v_gm;retic;leuco;p_nn;plq;hb_inf;plq_inf;p_nn_inf;electrophorese_hb;hbf;myelogramme;cellularite;erythroblaste;morphologie_eryth;morphologie_gran;morphologie_mega;granuleux;dysmyelopoiese;megacaryocytes;blaste;excesblastes;b_om;adipocytes;ubiquitination;res_ubiquitination;group_comp;mutation_fanc;congelation_cellule;labo;type_prelevement;score_clinique;score_ebmt;score;transfusion;age_transf;delai_diag;nb_cg;nb_cp;chelation_fer;chelateur;nilevar;danatrol;oxynethadone;androtordyl;autre_androgene;andro_debut;andro_fin;observance;toxicite;autre_toxicite;enquete_hla;pourquoi_enq_hla;nb_frat_typ;nb_frat_n_typ;donneur_comp;precise_donneur;donneur;greffe_faite;delai_rapp_diag;pourquoi_nfaite;cyclophosphamide;fludarabine;busulfan;dose_cyclo;dose_flu;dose_bus;autre_conditionnement;irradiation;dose_totale_irr;serotherapie;s_al;dose_sal;source_cellule;sortie_aplasie;gradea_gv_h;c_gv_h;m_vo;complication_pulmonaire;precise_comp_pulm;survie_j_100;s_md;age_diag_smd;critere_diag_smd;traitement_smd;l_am;critere_diag_lam;traitement_lam;autres_cancers;d_dn;transformation_aigue;age_diag_la;traitement_la;cancer_e;localisation;type_histologique;traitement_cancer;precise_traitement;evolution_cyto;formule_chrom;age_e;statut;cause_deces;autre_cause_d;survie_globale;code;date_maj;nombre_tache_cafe;nombre_tache_hypo
1;bon émouvoir;2025-05-12;2025-05-12;à l'encontre de;22051;12702;descendre;26226;3050;8495;22357;8381;12831;31339;../fake-data/blob/hipster.png;image/png;../fake-data/blob/hipster.png;image/png;afin que si;relever;oui si émérite;tôt;d’autant que serviable;compléter dès;après que;28066.26;5764.69;tâcher meubler perplexe;à la merci clientèle pauvre;18805;25424;20941;10343;2671;19096.5;en bas de jamais;20980.82;bien que psitt;moderne;financer tellement novice;attarder comme;sans que;contre;cependant sauf;au prix de infime;agréable;au défaut de;longtemps;de par blême glouglou;blablabla magnifique demain;super;diviser large vaste;électorat ouille taper;percevoir mieux loufoque;conseil d’administration alors que lunatique;devant ouf;ronron calme croître;mal;afin de neutre quitte à;drelin;quand;novice bousculer;chut corps enseignant drôlement;devant songer de;derechef du fait que;cocher mettre adepte;contre camarade;vaste;pin-pon spécialiste maintenant;résumer;toc-toc fade afin que;du moment que;mouiller;trop sursauter;accuser de manière à ce que de façon à ce que;aïe hé super;depuis adepte;sauf à par rapport à;au point que quand ?;près;près de;comme;à l'entour de avant de communauté étudiante;au-dessus de bzzz endormir;lancer céans pff;paf de façon à tendre;areu areu vivace lors de;pschitt au-dedans de avant;patientèle émérite;quoique;électorat;sans que;renoncer rédaction de façon à;concurrence;miam assez;autant alors que;au cas où en proche de;jeune enfant imposer dessiner;toc debout;blablabla;filer;au cas où lorsque circulaire;que si;afin de dans la mesure où;tandis que dans la mesure où;éclaircir envers;au-dessus trop souligner;pourvu que équiper efficace;conserver hypocrite;afin que;paf débile;au-dessous de étant donné que hors de;à l'insu de dring loin;afin que commissionnaire;mairie équipe de recherche;4440;d’autant que de crainte que auprès de;commissionnaire alors que;2025-05-12;25937;26502.72;7332.77;8346.05;27508.49;30952.62;3150.45;approximativement;prout;multiple enfiler;suivant lorsque coin-coin;7339.02;après que à même vite;quoique lunatique sans que;13259.75;de manière à ce que snif autour de;loin de hors;neutre;9236.03;sage malade;quasi énergique;23643.73;davantage;de peur que pschitt pourvu que;14549.75;aux environs de;hirsute;cesser affable chef;bang;contre;spécialiste comment vu que;spécialiste croâ personnel;237;4217;toc d’autant que rassembler;venger outre;14368;6476.83;hypocrite drelin;placide;pourpre propre;tellement environ dîner;ding dynamique pourpre;serviable hé;en outre de euh;comme en;personnel professionnel d'avec en decà de;2025-05-11;2025-05-12;commettre;porte-parole;de façon que par;personnel professionnel de sorte que sitôt que;dring hé camarade;29096;27908;22620;téméraire meuh coac coac;de;de sorte que;28100.97;énergique très;prou entraîner;bouffer fort;guère sur triathlète;729.95;2113.61;24706.13;regarder quelque;dissiper du fait que du fait que;836.37;ding;simple;27042.21;à même délectable;19963;longtemps avant que;de façon à exprès gigantesque;clientèle étant donné que affable;trop outre en dépit de;absolument;aussitôt que;bien;20937;quoique;chez;direction presser sembler;boum antagoniste gratis;parce que bè rectangulaire;d'avec membre du personnel;2025-05-12;clientèle;3429;aspirer;combien lâche;adepte;adepte;secours presser de peur de;via;même si apparemment déjà;en plus de trop;29099;atchoum;zzzz ordonner ouin;insipide;19322.03;5814;2025-05-12;18903;6796
2;après-demain;2025-05-12;2025-05-12;antique ferme équipe;5718;5922;téméraire spécialiste;30705;27734;15068;15669;22781;11153;23301;../fake-data/blob/hipster.png;image/png;../fake-data/blob/hipster.png;image/png;plouf;davantage diablement adorable;autour;suffisamment quoique;sans;quoique collègue;secours dès que;12923.23;21933.93;précisément;au moyen de de peur que badaboum;1900;3973;10678;18296;8652;15265.62;miaou équipe de recherche;21500.96;communauté étudiante trop;vorace paf ha;adepte;au cas où coin-coin;au-dessus de ouch;fidèle;diplomate;à l'exception de assassiner;triathlète divinement;à même disputer naître;dorénavant à la merci;à côté de;ensuite plouf;quasiment écrire;épanouir admirablement;au-dessous;séculaire smack;afin que étant donné que même si;actionnaire;naguère autour;efficace dynamique spécialiste;soudain;sans que puisque bien;soit charger;agréable;approuver;lectorat diplomate rudement;vide bzzz exister;du fait que conseil d’administration là-haut;de crainte que fort autrefois;afin que concurrence;peu biathlète;antagoniste;en dépit de dans en vérité;près si bien que à l'encontre de;juriste vouh;en vérité;smack résister triompher;dès que creuser étant donné que;où très outre;dynamique démarrer;direction inspirer drelin;refermer;derrière là tranquille;forcer miaou;minuscule;bien que démarrer;laisser;ouah conseil municipal en dépit de;touriste mal malgré;fade;gigantesque meuh auprès de;au prix de corps enseignant grâce à;grâce à administration;miaou parce que;clac tant que;rectangulaire;trop quelque si;personnel professionnel;adepte;manger toujours;discerner affirmer;énergique;à côté de loin pin-pon;alors que bzzz loufoque;manger délégation;ouille;percer triste;toujours large;redire population du Québec âcre;areu areu assez;ouille broum;plouf chef;restituer maintenant;drelin incalculable savoir;concernant;grrr en dehors de direction;comme;23500;bzzz;croâ vouh afin de;2025-05-11;19686;1916.94;2438.73;25392.98;27334.39;22511.75;20126.56;membre du personnel de sous;réconcilier groin groin bè;aussitôt que;après bon;4304.78;émérite après-demain parlementaire;avouer pis si;26164.02;quoique euh paf;police d'après sédentaire;infime;2820.85;débile;pas mal;18741.81;ronron beaucoup au-dessous;comme alors que de peur que;15402.27;camarade cocorico;antagoniste;timide de manière à ce que de sorte que;chercher horrible;gai;complètement;secouriste au cas où atteindre;21166;20654;tant que;gigantesque si bien que;9235;31490.86;oh puisque;géométrique;à condition que;ah tandis que;sauf;de façon à ce que;hirsute hi;agiter équilibrer hi;tant que fonctionnaire cuicui;2025-05-12;2025-05-12;ici perfectionner prout;environ;figurer;souple;afin que;6327;11290;10478;de façon à ce que sécher;clientèle cesser hi;vraisemblablement présidence;26873.22;âcre;justifier;tandis que;lier fonctionnaire touriste;1285.63;5212.35;83.18;d’autant que;envisager via;30009.37;crever à l'exception de subito;super à condition que;3153.31;déjà;5116;environ pour que rectorat;pendant que crac vu que;selon crac;tandis que aligner après que;puisque;sauvage euh;touriste;23435;atchoum;loufoque de façon que;tsoin-tsoin parler simple;voler membre du personnel;acheter;égarer;2025-05-12;juriste;4402;animer;fourbe afin que;pour que grrr;clac;impromptu;altruiste déduire de manière à ce que;exciter areu areu ouf;jusque;29427;porte-parole lentement;aider de sorte que paraître;quoique;4177.27;19073;2025-05-12;11633;13996
3;trop zzzz approfondir;2025-05-12;2025-05-12;dans la mesure où de;11870;8069;crac égoïste;19290;19534;27961;8121;28951;15099;12214;../fake-data/blob/hipster.png;image/png;../fake-data/blob/hipster.png;image/png;également compléter quand;pendant que mature délectable;croître grrr atchoum;pourpre;soucier extatique apte;boum hé;aussitôt brusque fourbe;15269.8;21552.38;divinement;certainement;2004;27138;3827;11575;15434;30783.88;commis de cuisine;29719.09;presque;renoncer aussi;hé filer;membre du personnel ainsi;débarquer hé;membre de l’équipe extra;personnel tellement sauvegarder;récupérer;loger;sombre bientôt traduire;prou devant pourpre;envers;brusque derrière commissionnaire;à l'égard de pschitt police;assez secouriste;direction prestataire de services dring;ensuite;plic;pff secouriste corps enseignant;pour que antagoniste;simple;approximativement;juriste rose;solitaire clac;paf si;de manière à oh;envers lors de;atchoum tôt de sorte que;concurrence pour que équiper;pousser partenaire frotter;électorat coin-coin;par suite de;tchou tchouu snob;sitôt;jeune;badaboum;miam;conseil d’administration marron selon;perplexe;afin que;comparer de manière à;pour aux environs de oh;hirsute à l'insu de renier;quitte à terne couvrir;proche mince;pendant que ha ha;direction assez;chez;ouch;fidèle;large attacher;alentour large membre titulaire;refuser hier projeter;en faveur de;quelquefois honorer ding;guide commissionnaire toujours;équipe fourbe;triangulaire pff;balancer débile;doucement combien triste;surprendre;découvrir cuicui;commissionnaire membre titulaire jeune enfant;ah sauf à;lors de lâche maigre;serviable assez;près;à la faveur de;de sorte que en vérité;responsable à la faveur de;à peine au-dessous alors;timide magenta;environ concernant lorsque;juriste égoïste brusque;fonctionnaire éclater après;présenter même si;bien que exiger multiple;dans la mesure où;3890;pendant que déposer aider;du moment que emplir tant;2025-05-12;2014;5214.66;32706.82;21669.15;22436.73;5238.06;14202.15;lors personnel professionnel;gens envers en faveur de;dring;conférer;11045.81;tant tard immense;communauté étudiante fidèle crac;17825.69;antagoniste redonner;police;population du Québec;6050.98;déclarer quand;de peur de avare;17743.95;svelte immense;sans que cuicui;23167.98;hors meuh d'avec;soit touriste coac coac;introduire trop égoïste;demain lectorat comme;téméraire de façon que;crac émérite;porte-parole;28175;9830;à travers pour que miam;déchirer;6206;20058.49;déceler autour de;avant-hier;triste blême là;devant;émérite insuffisamment;toc-toc très;chut concernant glouglou;lors de au point que;depuis effondrer;2025-05-11;2025-05-11;apte réduire;au prix de de peur de hâter;près brusque aigre;commis de cuisine;en dehors de ça;1791;27067;31541;diablement;géométrique;d’autant que athlète embrasser;14365.55;novice combien;de façon que lectorat en decà de;tant puis;cadre ailleurs;24931.01;27269.5;26492.62;clac trop peu;svelte devant à partir de;30031.43;fade prout équipe;grrr areu areu délégation;13647.73;ronron snob si bien que;9004;rire commissionnaire;au-dedans de miam touriste;de sorte que tant entre;dring vraisemblablement corps enseignant;en guise de promettre soit;dépouiller miam;lâche rassembler cocorico;13279;durant;immense;diététiste renoncer afin que;à moins de après que surprendre;jusqu’à ce que;sauf à a;2025-05-12;parlementaire jusque doucement;15877;à demi toc-toc;psitt avant combien;super collègue;corps enseignant au point que;circulaire d'entre;avare corps enseignant;foule guide;vide;11132;afin que;vaincre;sauvegarder au-devant;17924.14;13495;2025-05-12;30101;13305
4;cuicui;2025-05-12;2025-05-12;pacifique sauvage;21555;8576;du moment que que cuicui;16940;25746;8330;22612;28257;1657;9207;../fake-data/blob/hipster.png;image/png;../fake-data/blob/hipster.png;image/png;peut-être;secouriste;avant que dans la mesure où moins;extra nonobstant;quoique athlète;mairie glisser grimper;bè passablement;27698.33;8106.29;de peur que avant ferme;incognito;18631;11773;21688;7410;11256;10212.76;insipide;8920.46;sale si pin-pon;blablabla;camarade;collaborer;adepte enfin;voter sur foule;atchoum;vroum turquoise;avant de;vu que confronter apparemment;propre hé;derrière;divinement touriste;clac marron écraser;ouf;caresser prestataire de services;assez parmi candide;ouille;devant ouah;comme absolument adepte;conquérir dépenser pour que;beaucoup;partenaire;derechef;fonctionnaire aborder;permettre tandis que neutre;aimable pff amorphe;assez;responsable;membre du personnel;croâ;nier neutre;après que à l'insu de sauver;mairie placide communauté étudiante;serrer tranquille;fidèle à défaut de  vu que;sans;cot cot;vivace;ding;mesurer;rectangulaire;réconcilier gestionnaire;du côté de;foule avant que;autant gestionnaire;svelte;proclamer exprès quant à;rédiger raconter;infiniment déjà;tchou tchouu étant donné que;sans doute;conseil municipal;mairie hebdomadaire près;pauvre;conseil d’administration sans que;attirer direction équipe;tellement glouglou fort;sous;dater même si;à condition que;déchiffrer;débile étant donné que sauf à;aussitôt que de la part de via;simple abuser vroum;équipe de recherche toc de sorte que;rose juriste novice;ramper;aïe aussitôt à force de;rédiger;foule;membre du personnel;pas mal de façon à ce que comme;étant donné que étonner;partenaire;direction sans que chef de cuisine;obliger rattraper;étant donné que corps enseignant;56;pendant que diététiste;responsable;2025-05-12;14178;11519.77;5485.98;21586.71;30113.42;11525.85;29510.65;autrefois carrément à seule fin de;respirer brusque;sauvage cuicui ronron;que céans;31718.24;classer quasiment;lâche secouriste même si;6643.8;résonner;tantôt sans doute snif;personnel professionnel vraisemblablement responsable;12351.27;selon géométrique susciter;en dehors de nourrir équipe de recherche;1205.45;terminer près;délégation oups oh;32211.3;sitôt que;du côté de tolérer comment;cot cot afin de vorace;suivant;souvent vers nonobstant;membre à vie;triste alors;19062;7883;multiple;gestionnaire;1106;20017.21;jusqu’à ce que;atchoum;probablement durant rechercher;fourbe;extra enfiler;adhérer éviter loufoque;précipiter sage;splendide;tout;2025-05-12;2025-05-12;ici tant;articuler bè diplomate;foule magnifique;camarade loin de;ouf;31334;9874;32361;lâche hebdomadaire;électorat direction;tic-tac divinement;15032.47;trancher;malgré si;quand ?;administration céans foule;27336.15;14181.2;27837.57;à l'entour de spécialiste;secouriste que gai;7850.05;sur d'entre;sale sursauter;5060.56;athlète;8124;drelin simple;parce que biathlète après que;assez barrer;collègue jeune;communauté étudiante même si;extrêmement déterminer impromptu;hebdomadaire;18522;collègue afin que;coupable clac entre;séculaire de peur que;danser révéler ignorer;plic;adepte main-d’œuvre;2025-05-11;que contester cot cot;26247;débarquer conformer;tant rapide secours;électorat avant;presser;jusque énorme direction;d'abord;rectorat;aux alentours de croâ aïe;19100;déjà;commis de cuisine dehors;plic aussitôt que quitter;21239.67;14756;2025-05-12;31367;9147
5;grandir;2025-05-11;2025-05-11;du côté de avant que;7936;28699;après que parce que à peu près;20783;32627;21279;9771;15078;11584;14689;../fake-data/blob/hipster.png;image/png;../fake-data/blob/hipster.png;image/png;de façon à ce que;dessus former;clac;durant rectorat;aux alentours de en guise de;de façon que tant;à raison de;2595.27;24246.15;clac après-demain;smack par;6311;24808;21602;9107;20227;32370.7;guide hi;24473.15;bien que;du fait que diététiste peu;d'abord près commis;attarder proche de;vite derrière;attirer drelin;secouriste;étonner au lieu de;que alors que derechef;calme près de;jeune enfant aujourd'hui;mieux immense parmi;enseigner;alors de sorte que à raison de;diététiste terne précisément;rudement élargir;collègue;sitôt que concernant;vibrer;après que de façon que;sans doute trop drelin;avare exprès;prout;dissocier absolument dorénavant;mairie cadre;dynamique bzzz;pendant que émérite;vraiment impressionner alors;devoir conseil d’administration;selon du fait que;à cause de dense pff;zzzz;clac;innombrable;au-delà probablement;gai équipe de recherche jeune enfant;pff au point que dès que;tchou tchouu longtemps racheter;renvoyer sauvage aspirer;cyan moquer dessus;délégation dans la mesure où extatique;cuicui;rencontrer grâce à contester;concernant ouin;dans administration auparavant;tic-tac;dans selon avant de;moyennant;afin que cot cot;clac;jeune enfant cyan;alentour moyennant;pendant que peser après-demain;sus trop ronron;vis-à-vie de comme;tantôt transporter coac coac;brusque;gens en dépit de au lieu de;protester;miaou miaou figurer;sentir à raison de à condition que;immense;assez sous couleur de;tchou tchouu;équipe présidence;loin de pff de sorte que;novice;boire antique;dès que patientèle;comme ensuite;de peur que;lentement novice vu que;afin que;dans la mesure où lorsque d'entre;recouvrir;chanter brave déceler;plouf déjà;gouverner gens clientèle;4237;rire ouf membre de l’équipe;groin groin;2025-05-12;7093;18651.11;20011.78;6039.94;1591.59;4736.82;27793.05;toc-toc;lentement recouvrir;tantôt;pouvoir depuis tant que;16995.68;de par;ouille étant donné que retracer;14928.7;complètement blablabla boum;au-dedans de;plic multiple sitôt que;5534.32;minuscule au cas où;diététiste dès ha ha;6561.77;encore ha ha sans que;hormis proche de protester;16526.32;recueillir collègue super;exercer tic-tac;assumer;écraser couler;vivace quasiment pff;antagoniste alors;puisque;3501;27814;du moment que bè;puisque à l'encontre de placide;20842;4984.44;manipuler;paf;extatique;plouf;tchou tchouu à l'encontre de pauvre;admirablement guide super;de la part de;en outre de pousser afin que;à travers assez dessous;2025-05-12;2025-05-11;afin que triste conseil d’administration;outre en renseigner;quand ? pardonner;coudre;cracher;20077;9378;32750;partenaire présidence;de peur que;vide désormais;3105.25;porte-parole de manière à ce que élaborer;contester gâcher moins;tsoin-tsoin;administrer avant que aussitôt que;20374.68;652.1;1513.95;secouriste tenter partager;exprès venir atchoum;962.82;adresser sale;aussi plancher cyan;26146.48;pour que émérite;27718;de peur que;collègue;du fait que coûter;ouah;en vérité;en dépit de vu que;tantôt avant de à l'instar de;26935;jusqu’à ce que jusqu’à ce que;avant que;commissionnaire à cause de continuer;âcre résumer;en dedans de;à travers;2025-05-12;boum;2077;lors de;tranquille;perplexe siffler devant;magnifique juger ouin;au prix de;équipe de recherche derrière actionnaire;pendant que bè camarade;paf;4861;vide orange;y sauvage en dehors de;secours aimable;28425.01;13716;2025-05-11;31478;4906
6;avare calme membre de l’équipe;2025-05-12;2025-05-11;électorat bang;12154;27836;splendide novice;23464;8092;6648;8462;23004;28672;28627;../fake-data/blob/hipster.png;image/png;../fake-data/blob/hipster.png;image/png;vroum cadre;paf;atchoum tellement;à condition que après que peu;déplacer grâce à égoïste;coac coac;ouin tchou tchouu;2179.9;8238.81;désormais même;rapide toc sale;168;5397;32292;5965;1372;18270.24;hors cot cot;24197.64;financer peindre;référer à même;novice hebdomadaire espiègle;sauvage gonfler;grrr;à défaut de  triste vouh;oups de manière à ce que forcer;fidèle;concurrence diplomate quoique;céans de façon à ce que;rudement donner;observer efficace à seule fin de;céans mairie lire;durant;exiger;ha enregistrer;dring;brave;sédentaire;cuicui atchoum;de manière à ce que même si jusque;sitôt que alors que du moment que;à condition que tic-tac plic;à peine sans que à même;prestataire de services;coin-coin;pendant que quelque ensemble;avant de flotter remplir;parlementaire amorphe arranger;pschitt préparer;après que raide à peine;boum timide;proche;après;chez vorace;a porte-parole;blême actionnaire cyan;rapide gai exposer;commissionnaire autant si;vraisemblablement hi exprès;gratis;ouah prou à l'égard de;zzzz sincère au dépens de;entièrement lorsque;rectorat;entourer à force de;de crainte que broum;en guise de enterrer jusqu’à ce que;guide;dans la mesure où;hebdomadaire;main-d’œuvre mairie hé;débile même du côté de;en outre de en face de pendant que;gens désagréable parlementaire;chef;encore athlète au-dessous;maigre puisque nonobstant;au défaut de coac coac;lorsque;regarder bang gens;groin groin;bof de peur que cot cot;hé dense;gigantesque;jusqu’à ce que charitable drelin;timide;vu que;fidèle paf;clientèle blablabla;de crainte que par suite de en decà de;assez neutre clac;concernant prout pas mal;au-dehors franco;délégation;publier;dégager;alors que;25783;dès que;psitt derrière direction;2025-05-11;8128;17836.15;25125.38;6203.78;5619.27;4279.05;15532.06;ensemble;y;tchou tchouu zzzz tant que;aussitôt que gonfler zzzz;25374.57;déclarer égoïste;adversaire;16605.45;touchant à cause de;électorat membre de l’équipe apte;hirsute;28603.22;à la merci;vorace foule bang;6871.88;à défaut de  gens sitôt que;à la faveur de conseil municipal pendant que;31832.34;probablement quoique;ensemble dessous à travers;hôte magenta;mairie drelin;vroum dring loin;inventer;bang multiple clac;16808;25274;camarade de efficace;brave glouglou psitt;1523;24332.07;loin;conquérir;tant que sincère du moment que;gens de façon à ce que;bien que en guise de;au-dessus de partenaire;à côté de écrire;de peur que afin que secouriste;hé relever au dépens de;2025-05-11;2025-05-11;hi sage dès;sympathique;glouglou aïe;timide;lectorat mairie miaou;6272;32438;15244;coac coac déclencher;plier;personnel ha simple;8326.89;cadre renier;tandis que en dépit de assez;large complètement dès que;diététiste vis-à-vie de;21733.4;22457.89;28607.4;lunatique;fidèle aussitôt que tandis que;16299.11;horrible personnel retomber;via contre de crainte que;9357.96;croâ;31066;du fait que;vu que;pourvu que;d’autant que spécialiste du côté de;puisque;vouh désormais;pauvre tellement à peine;13407;préférer corps enseignant si;personnel ailleurs prévenir;lorsque;désirer splendide comme;oh;dring;2025-05-11;de manière à ce que d’autant que;1073;éclaircir d’autant que circulaire;impromptu commis;secours à la faveur de ding;paf;contre exiger devant;rectorat pendant;aux environs de quant à trop;circulaire;30454;extatique lunatique;camarade touchant antagoniste;badaboum;9349.42;15697;2025-05-11;13615;26540
7;concernant;2025-05-12;2025-05-12;zzzz;1479;4006;adversaire;17720;28543;13325;18162;30718;16232;15662;../fake-data/blob/hipster.png;image/png;../fake-data/blob/hipster.png;image/png;par suite de déclarer chef de cuisine;devant;adepte pin-pon;bien que;puis fonctionnaire;crac tisser commis de cuisine;parce que;894.05;8625.37;de peur que relever;tellement avouer puisque;14287;25854;31142;22083;30418;15165.07;vu que après que;16717.24;aggraver à peine;quasiment;incalculable;fort guide même si;ensuite guère population du Québec;oups;ensuite;tellement;bzzz constituer;antagoniste électorat miaou;snob;dès;vlan;broum enfin;smack disperser;loin;drelin quasi;paf comme outre;grrr;corps enseignant;alors vivace;signifier sage vu que;parler;ronron derrière ficher;assez vroum agiter;que;quoique;bien que outre;pin-pon;population du Québec éloigner vlan;en hi à défaut de ;après que;efficace ouille;gai quitte à ci;meuh aussitôt que;jeune enfant groin groin d'avec;lectorat;selon en outre de corps enseignant;vite commis de cuisine;à l'encontre de;avant-hier;à l'insu de trop vide;toc en face de proche de;drelin ailleurs;de manière à ce que à l'encontre de partenaire;de sorte que porte-parole incognito;communauté étudiante compliquer chercher;ouille miam trop peu;géométrique;à raison de comment;quand compléter blablabla;encore;intervenir par appliquer;auprès de;miaou pressentir;à peu près areu areu secouer;maigre remplir;ouin à seule fin de mériter;afin de rectangulaire hi;agréable;main-d’œuvre par;tirer;au dépens de renseigner;comme mince;magnifique bof;brusque au point que;au défaut de en outre de;éclairer minuscule lors de;large;biathlète moderne;soucier atteindre envelopper;auprès de;de peur que écouter;bien que bof hystérique;puisque blême;ferme;immense partenaire;pourvu que lectorat;21880;maigre badaboum;camarade comme plic;2025-05-12;2568;27642;15073.41;2359.9;23586.08;25753.57;26556.28;assurer parlementaire;au prix de d'après cuicui;financer de sorte que;sauf à bas de;4830.17;de trop peu avant;lorsque guide;31945.53;en guise de électorat;avant que de manière à ce que;auparavant membre titulaire;20951.82;au lieu de;smack touchant;6959.25;calme;triangulaire puisque;3280.75;commis;sage hors de;rendre;chef de cuisine;quasi du moment que;personnel professionnel tant que cadre;camarade miam;26128;13912;absorber bzzz;à côté de parlementaire;6853;31119.96;main-d’œuvre;smack collègue;noter;quasi vaste;quoique porte-parole extra;alors que membre du personnel;souvent;pendant que lors;réfléchir main-d’œuvre;2025-05-12;2025-05-12;triste;ouf;adversaire bzzz dring;pin-pon euh personnel;hystérique souple extra;22408;9098;9913;parmi;répondre grandement;glouglou broum;8717.17;dynamique puisque hôte;vroum placide jeune;recommander amorphe novice;au-dehors charitable sombre;5294.33;6332.11;14658.48;anéantir hypocrite;malgré paf;15801.39;puisque;envisager essayer;7534.89;parce que;12904;en decà de cot cot;divinement;conseil municipal répéter téméraire;d'avec franco;triangulaire pas mal;délégation personnel;mal tendre à raison de;27157;à défaut de ;personnel professionnel en outre de;raisonner chef;intrépide novice;adorable;foule user;2025-05-11;âcre turquoise grrr;14094;à travers en outre de subito;raconter rentrer hé;identifier parce que longtemps;à l'insu de smack;ah frayer;assez;membre titulaire;novice nonobstant miam;6667;puisque trier;groin groin;bof membre à vie;12932.66;10987;2025-05-12;25901;25930
8;triste;2025-05-12;2025-05-11;quitte à patientèle diplomate;10176;30943;jusqu’à ce que fourbe;15978;9048;6051;4172;25433;4671;19123;../fake-data/blob/hipster.png;image/png;../fake-data/blob/hipster.png;image/png;de façon à ce que bon;de façon à ce que;souvenir miaou;calme responsable;généraliser offrir alors que;blablabla déclarer tandis que;membre à vie sitôt que que;13174.11;3671.21;debout guère probablement;lorsque sus;764;15946;29877;21006;719;4712.38;grossir effectuer passablement;23352.12;pis encore;solitaire;émérite jeune enfant réciter;éviter;entrer exploser;d’autant que;aboutir;là-haut cadre blesser;par lunatique;population du Québec;au point que sitôt que pff;exprès;sauf où;tant gens;presser;tellement avare;jusque davantage;trop blablabla assurément;écouter déplacer;tellement;innombrable;maintenant suivant ferme;en face de diététiste;durant;restreindre;crever à l'instar de quand;habiter;large malgré;esquisser;snif quand;toc-toc antique ouah;bzzz de sorte que toucher;à seule fin de;au-dessus groin groin ouch;mince conseil municipal;demander;de manière à outre songer;ah gestionnaire;dépasser;goûter au point que grâce à;au-dessus de membre du personnel de manière à;quasi ouch;à moins de au-dehors;bien que supprimer touchant;quoique;commis triangulaire lunatique;hi au-dehors;ding mal;ding;moderne rattraper;clac direction;foule smack;en guise de chut;malgré;cuicui dense placide;percer aussitôt que tomber;à condition que énergique lâche;insolite;emplir responsable;conseil d’administration;géométrique;triste;auprès de;sauter extra oups;dans;communauté étudiante;carrément hors de;souple rectorat;sauf gestionnaire;tellement;à l'entour de;en faveur de penser exprès;à l'égard de de peur que;ha;clac pourpre;triathlète que;assurément a sauf;dès que;26400;au point que dedans;si;2025-05-11;26789;12663.58;26965.74;25061.6;15196.79;14146.89;8717.59;parlementaire mince;du moment que défier;areu areu presque incliner;drôlement énergique;4075.91;trop jusqu’à ce que au cas où;de façon à avant de altruiste;20607.69;sous;affable en outre de;dans après que;14232.31;autrement assez;derechef vétuste;14980.33;sus insolite de manière à ce que;selon;27227.37;assez avex clientèle;tsoin-tsoin tant que;clientèle;toc-toc lentement;avant que;snif tsoin-tsoin;pour que;20560;7819;que désagréable oser;personnel au moyen de davantage;2109;12616.7;conclure plouf ensuite;cyan affable triompher;vraisemblablement personnel;athlète au point que un peu;pendant procéder;vaste apte;avant que a;areu areu coin-coin chef de cuisine;diablement;2025-05-11;2025-05-12;du fait que;saluer faciliter en dehors de;moins pacifique;nommer commissionnaire copier;assez;25676;28817;22233;même spécialiste quant à;de peur que équiper en guise de;énumérer;25081.92;touchant que;personnel professionnel depuis;mature;direction gigantesque copier;1403.91;6728.33;31181.4;rose au-dessus de partenaire;assez dring;22162.99;diviser;rectorat déranger membre à vie;6906.66;approximativement en plus de;21928;triathlète commissionnaire;accuser tic-tac assez;athlète;à côté de mieux;ronron près;clientèle passablement;fonctionnaire sincère sympathique;6481;devant chef;longtemps rendre;avex;refaire tandis que;juriste conseil municipal;au-dessus de;2025-05-11;fade tant que dominer;23057;cocorico;snob de peur que;même euh membre du personnel;semer diététiste dring;grâce à en dedans de;apparemment sauvegarder de peur que;lancer;à travers électorat;3733;jusque;membre titulaire perplexe;bzzz pourvu que rudement;4547.55;31277;2025-05-12;1812;3745
9;commis de cuisine;2025-05-11;2025-05-11;zzzz actionnaire;10961;7695;puis ha antagoniste;14183;28925;5098;10437;27788;24959;17883;../fake-data/blob/hipster.png;image/png;../fake-data/blob/hipster.png;image/png;hier;brave conseil d’administration téméraire;parmi miam concernant;population du Québec ressusciter;trop revenir;de crainte que;grandement dès que;25184.27;25101.9;oups;au-delà distinguer au-delà;30726;21227;6094;20259;7207;20921.69;près commis de cuisine téméraire;9654.87;de peur que en plus de coac coac;ding joliment;assurément dring influencer;snob partenaire;vraisemblablement trop peu spécialiste;nommer après violer;plouf patientèle à condition que;pourpre drôlement;tchou tchouu;occuper sauf à;ci areu areu bof;bang vouh dring;bè hé vraiment;puisque cot cot;devant;membre du personnel servir;à la faveur de;naguère spécialiste membre de l’équipe;avancer;biathlète adorable charitable;boum;battre que tic-tac;à force de à force de;du moment que;entraîner auprès de;quasiment;équipe de recherche;debout freiner précisément;pschitt;prétendre;insolite en bas de;communauté étudiante;quand rectangulaire;moyennant après que;bien que tôt en dedans de;bè conseil municipal comment;en guise de;adepte;circulaire responsable commenter;refuser;entre-temps;bang dorénavant lors;contre presque bien;joliment;pourvu que en faveur de;depuis bzzz du côté de;spécialiste hôte;antagoniste gai;moderne grrr;aujourd'hui âcre;de manière à tolérer chialer;areu areu;considérable à cause de;ah contribuer;mal ici;de façon que;novice toc-toc euh;avare;maigre svelte caresser;isoler de peur que;boum à seule fin de;adversaire;parlementaire snif aller;tout à fait séculaire;plouf du moment que;âcre;débile comporter moyennant;d'entre toc pour que;interdire puisque;minuscule;quant à;spécialiste applaudir;derrière de manière à ce que;broum quoique commis;mature;hors dès que secours;exiger;écraser;9189;dans la mesure où broum secours;prou;2025-05-12;28698;6936.57;18364.85;443.49;4838.12;32434.31;21645.42;entièrement;électorat grrr;innombrable depuis;rectangulaire tant responsable;5448.55;meuh gestionnaire;tant ouf;25858.48;exploiter;membre du personnel rectorat;bang par rapport à;15246.12;débile coin-coin secours;pour que broum;2450.27;en perplexe;parlementaire contre bè;18000.21;toutefois au prix de aïe;vorace efficace;ouah;soigner;dévorer sitôt;groin groin antique;juriste;21528;4708;emporter de façon à;de manière à quoique sitôt que;3856;18362.1;avant à cause de;du moment que de manière à ce que;déranger de peur que;infiniment aïe;commis de cuisine adorable;à l'entour de corps enseignant avant;raide à l'instar de apparaître;gai;même si;2025-05-12;2025-05-12;foule dans;foule;barrer de peur que diététiste;tsoin-tsoin devant agréable;tarder transmettre;28174;4059;12699;groin groin partenaire euh;sympathique cuicui épanouir;adorable;10209.82;sécher hystérique après que;de manière à altruiste;rencontrer tendre devant;calmer avant que quand;28436.84;17197.06;31484.88;du moment que triathlète oui;loufoque groin groin rédaction;26672.84;dedans;communauté étudiante évaluer aménager;16416.07;adepte au-dessous de comment;21096;couler à raison de entre;pour antagoniste;conseil municipal à seule fin de aussitôt que;carrément électorat;smack infime jeune enfant;pourpre;cot cot de façon à;24738;conseil d’administration pendant que moyennant;quoique a;ouch;sincère serviable;moins;y;2025-05-12;affranchir concurrence;32298;de camper gai;du fait que collègue boum;prestataire de services communauté étudiante;délivrer énumérer;sous du côté de ding;quoique raisonner au dépens de;de façon que;large membre de l’équipe;24812;rudement émérite;lentement appartenir coin-coin;rectorat caractériser;16434.28;10126;2025-05-12;8773;5972
10;foule;2025-05-12;2025-05-12;terne avant dater;21664;19816;hier;31256;32747;21994;5784;7897;229;7797;../fake-data/blob/hipster.png;image/png;../fake-data/blob/hipster.png;image/png;bien que afin de spécialiste;attendrir;tout;autrement;après avant;précisément psitt magenta;avex;18060.92;16581.51;cot cot membre titulaire;de façon à ce que recourir;11484;5000;15104;3028;32767;7512.73;enregistrer sans en;25404.17;depuis suivant à la faveur de;psitt extatique dès;durant bè;avant que vu que chef de cuisine;membre de l’équipe;commis de cuisine prout membre à vie;quoique lorsque;sous comme;boum au-dessous de diablement;protéger mal;partenaire assez du moment que;pacifique;extrêmement;loufoque;autour ci claquer;aussitôt que;à l'insu de turquoise;lier;en dépit de si;habituer parce que;encore ha ha;deçà insolite procéder;apte;coac coac;commissionnaire;jeune enfant;tsoin-tsoin à partir de;ding main-d’œuvre;sincère meuh;large;crac que aigre;efficace;ouin plouf cependant;électorat;pourvu que en outre de;signaler timide;ha hi;adorable à côté de céans;crac personnel professionnel sous couleur de;personnel ha ha sur;cot cot;puis;pendant que police direction;miaou;à l'exception de;soigner attendrir vroum;lorsque;jeune enfant mince étonner;à même sembler;auprès de ding ouf;orange;vroum;avant simple;équipe de recherche ronron suivant;miam aussitôt candide;grrr remplir;lentement;alors que quand tic-tac;vouloir suivant blême;chez chez intrépide;de façon à ce que atteindre;dans la mesure où envers;dès que areu areu;outre augmenter;cot cot magnifique;accueillir piquer;affable;rectangulaire;diplomate;ouin équipe dorénavant;complètement extra parce que;considérable totalement;tant jamais tellement;ding;à l'égard de infiniment tout;sympathique;bientôt membre du personnel dedans;bien que en;16501;prout quand;proche de bien que émérite;2025-05-12;10741;1822.05;18757.51;308.01;20965.84;17042.72;25835.97;oups équipe de recherche population du Québec;partir;échapper prout;avare;17456.66;tchou tchouu;choir membre de l’équipe fade;5210.95;à l'entour de si antagoniste;conseil municipal certes;chef brusque;20990.74;zzzz parer gai;hors de;722.03;debout dès que clac;tracer avant que deçà;25554.63;au-dessus de sous couleur de mairie;puisque triathlète;antagoniste si hirsute;diviser plus;hi ficher tant que;membre du personnel gestionnaire;parce que passablement clac;30524;5273;guide fidèle tandis que;groin groin;26819;10480.25;quoique;défaire;guide;contre;approuver;vlan chut près de;près timide;gérer;de façon à ce que tard;2025-05-12;2025-05-12;chef;responsable;résister nager;après que rectangulaire redescendre;boire cuicui apte;21575;20108;14018;de manière à deçà lâche;électorat innombrable téméraire;au défaut de ensemble;2116.15;chez assez;quitte à rappeler sympathique;longtemps;secours;16358.89;7281.95;6892.42;actionnaire de manière à ce que;à la faveur de;19349.48;ronron;chut à travers;8826.87;sauf camper;8883;ding;visiter prévoir paf;enfin tellement prétendre;d'après moins;gratter;communauté étudiante cuicui hirsute;pourvu que;23132;hirsute si bien que adopter;devant;hier commis blablabla;interroger intrépide outre;hors de glouglou;horrible;2025-05-12;membre titulaire administration;24485;groin groin toutefois;rire;tendre;miam puisque à condition que;quoique;vouh;responsable;très;29064;grrr à force de;échapper vide;avant;23381.96;7428;2025-05-12;25152;23643
